CONTROL,HIGH,MEDIUM,LOW
71.99096813,57.87933731,53.56786154,43.40623913
68.65537497,51.91036224,56.70565246,52.12522316
76.59340497,54.04833353,54.79436827,55.5218851
58.69806529,66.77338617,67.36940913,73.68799237
57.00273483,66.20329003,66.51374054,66.79289868
62.11345445,72.84480127,66.30948639,67.00170508